Issue Type,Summary,Description,Priority,Epic Link,Story Points,Acceptance Criteria
Epic,Prescription Management,"Complete prescription lifecycle management from creation to dispensing. Includes prescription creation, verification, approval, filling, and tracking.",High,,,
Epic,Patient Management,"Comprehensive patient record management including patient creation, search, history viewing, and demographic management.",High,,,
Epic,Communication Management,"System for managing medical communications including letters, referrals, messages, and notifications with AI-powered encoding.",High,,,
Epic,AI Agent Interactions,"Role-based AI agents for automated tasks including Pharmacist, Physician, Nurse, Billing, Compliance agents, and Encoding agents.",High,,,
Epic,Automation,"Workflow automation system with triggers (event, schedule, condition, webhook) and actions (notification, task, API call, AI agent, workflow).",Medium,,,
Epic,Mobile Access,"Mobile-responsive design and real-time updates for mobile devices, enabling remote work and on-the-go access.",High,,,
Epic,Reporting and Analytics,"Dashboard statistics, report generation, and analytics for system usage, performance, and compliance reporting.",Low,,,
Story,Create Prescription,"As a physician, I want to create new prescriptions so that patients can receive their medications.",High,Prescription Management,5,"I can access the prescription creation form; I can select a patient from the system; I can select a medication from the database; I can enter dosage, quantity, and instructions; The system validates all prescription data; The system generates a unique prescription number; The prescription is created with status 'pending'; I receive confirmation when prescription is created"
Story,Verify Prescription,"As a pharmacist, I want to verify prescriptions so that I can ensure patient safety and medication accuracy.",High,Prescription Management,8,I can view all pending prescriptions; I can see prescription details including patient and medication information; I can use AI Agent to check for drug interactions; I can approve or reject prescriptions; I can add notes when rejecting; The system updates prescription status; The prescribing physician is notified of my decision
Story,Fill Prescription,"As a pharmacist, I want to fill approved prescriptions so that patients receive their medications.",High,Prescription Management,5,I can view all approved prescriptions; I can see prescription details; I can verify medication availability; I can mark prescription as filled; The system records fill date and my identity; The prescription status updates to 'filled'; The patient is notified (if configured)
Story,View Prescription Status,"As a user, I want to view prescription status so that I can track prescription progress.",Medium,Prescription Management,3,I can see prescription status in the prescription list; I can filter prescriptions by status; I can view detailed prescription history; Status updates appear in real-time; I can see who performed each status change
Story,Create Patient Record,"As a staff member, I want to create patient records so that we can manage patient information.",High,Patient Management,5,I can access the patient creation form; I can enter patient demographics; I can enter insurance information; I can enter medical history and allergies; The system validates patient data; The system generates a unique patient ID; I receive confirmation when patient is created
Story,Search Patients,"As a user, I want to search for patients so that I can quickly find patient records.",High,Patient Management,3,I can search by patient name; I can search by patient ID; I can search by phone number; I can search by email; Search results display relevant information; I can click on result to view full patient details
Story,View Patient History,"As a healthcare provider, I want to view patient history so that I can make informed clinical decisions.",High,Patient Management,5,I can view patient demographics; I can view medical history; I can view allergies; I can view prescription history; I can view communication history; All information is organized and easy to navigate
Story,Process Inbound Communication,"As a staff member, I want to process inbound communications so that important information is captured and routed correctly.",Medium,Communication Management,8,I can view unread communications; I can see communication details; The system uses AI to extract structured data; I can review and correct extracted data; I can assign communication to appropriate recipient; I can link communication to patient/prescription; The system updates communication status
Story,Send Communication,"As a user, I want to send communications so that I can communicate with patients and other providers.",Medium,Communication Management,5,"I can create new communication; I can select communication type (letter, referral, message); I can select recipient; I can link to patient/prescription; I can enter subject and content; The system sends communication; The recipient is notified"
Story,Track Communication Status,"As a user, I want to track communication status so that I know if communications have been read.",Low,Communication Management,2,I can see read/unread status; I can filter by status; I receive notifications for unread communications; Status updates in real-time
Story,Consult Pharmacist AI Agent,"As a pharmacist, I want to consult the Pharmacist AI Agent so that I can get assistance with prescription verification.",High,AI Agent Interactions,8,I can start a session with Pharmacist AI Agent; I can ask questions about prescriptions; The agent can check drug interactions; The agent can verify dosages; The agent provides recommendations; I can review agent responses; Session history is maintained
Story,Consult Physician AI Agent,"As a physician, I want to consult the Physician AI Agent so that I can get clinical decision support.",High,AI Agent Interactions,8,I can start a session with Physician AI Agent; I can ask clinical questions; The agent can review patient cases; The agent provides clinical guidance; The agent can assist with diagnoses; I can review agent recommendations
Story,Use Encoding AI Agent,"As a staff member, I want to use Encoding AI Agents so that documents are automatically processed and structured.",Medium,AI Agent Interactions,5,The system automatically uses encoding agents for documents; Encoding agents extract structured data; I can review extracted data; I can correct extracted data if needed; Extracted data is saved to the system
Story,Create Automation,"As an administrator, I want to create automation workflows so that business processes are automated.",Medium,Automation,8,"I can create new automation; I can configure triggers (event, schedule, condition, webhook); I can configure actions (notification, task, API call, AI agent); I can set automation priority; I can activate/deactivate automation; The system validates automation configuration"
Story,Monitor Automation Execution,"As an administrator, I want to monitor automation execution so that I can ensure automations are working correctly.",Medium,Automation,5,"I can view automation execution history; I can see execution status (success, failed, running); I can see execution duration; I can view input/output data; I can see error messages for failed executions; I can filter by status or date range"
Story,Access System on Mobile,"As a user, I want to access the system on mobile devices so that I can work remotely.",High,Mobile Access,8,The system is responsive on mobile devices; I can navigate using mobile navigation; All features are accessible on mobile; Touch interactions are optimized; Forms are mobile-friendly; I can perform all tasks on mobile
Story,Receive Real-time Updates on Mobile,"As a user, I want to receive real-time updates on mobile so that I stay informed of changes.",Medium,Mobile Access,5,I receive real-time prescription updates; I receive real-time communication updates; Updates appear without page refresh; I can see notification indicators; Updates work reliably on mobile networks
Story,View Dashboard Statistics,"As a user, I want to view dashboard statistics so that I can see system overview.",Medium,Reporting and Analytics,3,I can see prescription statistics; I can see patient statistics; I can see communication statistics; Statistics update in real-time; I can filter statistics by date range
Story,Generate Reports,"As an administrator, I want to generate reports so that I can analyze system usage and performance.",Low,Reporting and Analytics,5,"I can select report type; I can set date range and filters; I can generate reports; I can export reports (PDF, CSV); Reports include relevant data"